{"tor4": 0.7459227467811159, "tor5": 0.7058303886925795, "tor7": 0.6536485097636177}