{"tor5": 0.5206684256816183, "tor8": 0.6973995271867612}